{
  "name": "iron-form-element-behavior",
  "version": "2.0.0",
  "license": "http://polymer.github.io/LICENSE.txt",
  "private": true,
  "main": "iron-form-element-behavior.html",
  "authors": [
    "The Polymer Authors"
  ],
  "description": "Enables a custom element to be included in an iron-form",
  "keywords": [
    "web-components",
    "polymer",
    "form"
  ],
  "repository": {
    "type": "git",
    "url": "git://github.com/PolymerElements/iron-form-element-behavior.git"
  },
  "dependencies": {
    "polymer": "Polymer/polymer#1.9 - 2"
  },
  "devDependencies": {
    "iron-component-page": "PolymerElements/iron-component-page#1 - 2",
    "paper-styles": "PolymerElements/paper-styles#1 - 2",
    "web-component-tester": "^6.0.0",
    "webcomponentsjs": "webcomponents/webcomponentsjs#^1.0.0"
  },
  "variants": {
    "1.x": {
      "dependencies": {
        "polymer": "Polymer/polymer#^1.9"
      },
      "devDependencies": {
        "iron-component-page": "PolymerElements/iron-component-page#^1.0.0",
        "paper-styles": "PolymerElements/paper-styles#^1.0.0",
        "web-component-tester": "^4.0.0",
        "webcomponentsjs": "webcomponents/webcomponentsjs#^0.7.0"
      },
      "resolutions": {
        "webcomponentsjs": "^0.7"
      }
    }
  },
  "ignore": [],
  "resolutions": {
    "webcomponentsjs": "^1.0.0"
  },
  "homepage": "https://github.com/PolymerElements/iron-form-element-behavior",
  "_release": "2.0.0",
  "_resolution": {
    "type": "version",
    "tag": "v2.0.0",
    "commit": "ec6fdc795005458b616c59b934f944ea2b1484d4"
  },
  "_source": "https://github.com/PolymerElements/iron-form-element-behavior.git",
  "_target": "^2.0.0",
  "_originalSource": "PolymerElements/iron-form-element-behavior"
}