{
  "name": "geo-location",
  "version": "2.0.1",
  "description": "Geolocation API Polymer web component",
  "keywords": [
    "web-component",
    "polymer",
    "device",
    "geolocation",
    "geo",
    "location",
    "position",
    "navigation",
    "coordinates",
    "latitude",
    "longitude",
    "gps",
    "map"
  ],
  "homepage": "https://webcomponents.org/element/ebidel/geo-location",
  "repository": {
    "type": "git",
    "url": "https://github.com/ebidel/geo-location.git"
  },
  "authors": [
    "Eric Bidelman <ebidel@gmail.com>"
  ],
  "license": "Apache-2.0",
  "main": [
    "geo-location.html"
  ],
  "ignore": [
    "/.*"
  ],
  "dependencies": {
    "polymer": "Polymer/polymer#1.9 - 2"
  },
  "devDependencies": {
    "iron-component-page": "PolymerElements/iron-component-page#1 - 2",
    "iron-demo-helpers": "PolymerElements/iron-demo-helpers#1 - 2",
    "web-component-tester": "Polymer/web-component-tester#^6.0.0",
    "webcomponentsjs": "webcomponents/webcomponentsjs#^1.0.0",
    "google-map": "GoogleWebComponents/google-map#1 - 2"
  },
  "variants": {
    "1.x": {
      "dependencies": {
        "polymer": "Polymer/polymer#^1.9.0"
      },
      "devDependencies": {
        "iron-component-page": "PolymerElements/iron-component-page#^1.0.0",
        "iron-demo-helpers": "PolymerElements/iron-demo-helpers#^1.0.0",
        "web-component-tester": "Polymer/web-component-tester#^4.0.0",
        "webcomponentsjs": "webcomponents/webcomponentsjs#^0.7.0",
        "google-map": "GoogleWebComponents/google-map#^1.0.0"
      }
    }
  },
  "_release": "2.0.1",
  "_resolution": {
    "type": "version",
    "tag": "2.0.1",
    "commit": "6c590ad337a08788a86f9a5e020803e05213d0ff"
  },
  "_source": "https://github.com/ebidel/geo-location.git",
  "_target": "^2.0.1",
  "_originalSource": "geo-location",
  "_direct": true
}